ra_deg,dec_deg,cz_kms,dist_mpc,dist_err_mpc
187.78917, 13.33386, 282.96547, 75.41360,1000.00
268.03026, 42.50962, 68.80570, 28.42628,750.00
99.72890, -30.24790, 239.25898, -15.76456,1800.00
284.99401, 25.64166, 56.89701, 9.63896, 120.00                                   

